<?xml version="1.0" encoding="UTF-8"?>
<!DOCTYPE ResourceType SYSTEM "http://www.holobloc.com/xml/LibraryElement.dtd" >
<ResourceType Name="EMB_RES" Comment="A Simple Embedded Resource Type" >
  <Identification Standard="61499-1" Function="Device Management" Description="A simple embedded resource" />
  <VersionInfo Organization="Rockwell Automation" Version="0.0" Author="JHC" Date="2001-01-04" />
  <CompilerInfo header="package fb.rt;" >
    <Compiler Language="Java" Vendor="IBM" Product="VisualAge" Version="3.0" />
  </CompilerInfo>
  <FBNetwork >
    <FB Name="START" Type="E_RESTART" x="11.111111" y="11.111111" />
  </FBNetwork>
</ResourceType>
