<?xml version="1.0" encoding="UTF-8"?>
<!DOCTYPE FBType SYSTEM "http://www.holobloc.com/xml/LibraryElement.dtd" >
<FBType Name="FB_SUB_REAL" Comment="REAL Subtraction" >
  <Identification Standard="61499-1-D.1" Classification="Math" />
  <VersionInfo Organization="Rockwell Automation" Version="0.1" Author="JHC" Date="2001-08-06" Remarks="New (XML) version" />
  <VersionInfo Organization="Rockwell Automation" Version="0.0" Author="JHC" Date="1997-12-29" Remarks="Old (SRC) version" />
  <CompilerInfo header="package fb.rt.math;" classdef="class FB_SUB_REAL extends FBFunction2" >
    <Compiler Language="Java" Vendor="IBM" Product="VisualAge" Version="3.0" />
  </CompilerInfo>
  <InterfaceList>
    <EventInputs>
      <Event Name="REQ" >
        <With Var="IN1" />
        <With Var="IN2" />
      </Event>
    </EventInputs>
    <EventOutputs>
      <Event Name="CNF" >
        <With Var="OUT" />
      </Event>
    </EventOutputs>
    <InputVars>
      <VarDeclaration Name="IN1" Type="REAL" Comment="Minuend" />
      <VarDeclaration Name="IN2" Type="REAL" Comment="Subtrahend" />
    </InputVars>
    <OutputVars>
      <VarDeclaration Name="OUT" Type="REAL" Comment="Difference" />
    </OutputVars>
  </InterfaceList>
</FBType>
