<?xml version="1.0" encoding="UTF-8"?>
<!DOCTYPE FBType SYSTEM "http://www.holobloc.com/xml/LibraryElement.dtd" >
<FBType Name="FB_UINT_REAL" Comment="UINT to REAL conversion" >
  <Identification Standard="61499-1-D.1" Classification="Type conversion functions" />
  <VersionInfo Organization="Rockwell Automation" Version="0.1" Author="JHC" Date="2001-08-06" Remarks="XML version" />
  <VersionInfo Organization="Rockwell Automation" Version="0.0" Author="JHC" Date="1999-01-11" Remarks="SRC version" />
  <CompilerInfo header="package fb.rt.math;" classdef="class FB_UINT_REAL extends FBFunction1" >
    <Compiler Language="Java" Vendor="IBM" Product="VisualAge" Version="3.0" />
  </CompilerInfo>
  <InterfaceList>
    <EventInputs>
      <Event Name="REQ" >
        <With Var="IN" />
      </Event>
    </EventInputs>
    <EventOutputs>
      <Event Name="CNF" >
        <With Var="OUT" />
      </Event>
    </EventOutputs>
    <InputVars>
      <VarDeclaration Name="IN" Type="UINT" />
    </InputVars>
    <OutputVars>
      <VarDeclaration Name="OUT" Type="REAL" Comment="Converted value" />
    </OutputVars>
  </InterfaceList>
</FBType>
