<?xml version="1.0" encoding="UTF-8"?>
<!DOCTYPE FBType SYSTEM "http://www.holobloc.com/xml/LibraryElement.dtd" >
<FBType Name="NOT_BOOL" Comment="IEC 61131-3 Boolean NOT" >
  <Identification Standard="61131-3" />
  <VersionInfo Organization="Holobloc Inc" Version="0.1" Author="JHC" Date="2006-09-07" Remarks="Converted to Template" />
  <VersionInfo Organization="Rockwell Automation" Version="0.0" Author="JHC" Date="2004-12-15" Remarks="Converted from SRC format." />
  <CompilerInfo header="package fb.rt.plc.bits;" classdef="(! in)">
  </CompilerInfo>
  <InterfaceList>
    <InputVars>
      <VarDeclaration Name="in" Type="BOOL" />
    </InputVars>
    <OutputVars>
      <VarDeclaration Name="Q" Type="BOOL" />
    </OutputVars>
  </InterfaceList>
</FBType>
