<?xml version="1.0" encoding="UTF-8"?>
<!DOCTYPE System SYSTEM "http://www.holobloc.com/xml/LibraryElement.dtd" >
<System Name="DRILL_MVCDL" Comment="Drill System Model+View+Control+Diagnostics+HMI with shared clocks" >
  <Identification Standard="61499-1" Classification="Simulation" ApplicationDomain="Transfer Lines" Function="Drilling" />
  <VersionInfo Organization="Holobloc Inc" Version="0.3" Author="JHC" Date="2007-07-07" Remarks="Added MODEL.CLOCK.CLK_DLY." />
  <VersionInfo Organization="Holobloc Inc" Version="0.2" Author="JHC" Date="2006-03-06" Remarks="Updated for new MACH_CTL." />
  <VersionInfo Organization="Rockwell Automation" Version="0.1" Author="JHC" Date="2004-10-18" Remarks="Re-derived from DRILL_MVCL." />
  <VersionInfo Organization="Rockwell Automation" Version="0.0" Author="JHC" Date="2004-09-27" Remarks="Extended from DRILL_MVCL1." />
  <Device Name="DIAGNOSTICS" Type="FRAME_DEVICE" x="1172.2222" y="433.3333" >
    <Parameter Name="BOUNDS" Value="[100,460,540,250]" />
    <Parameter Name="GRID" Value="[1,1]" />
    <Resource Name="LOG" Type="PANEL_RESOURCE" x="361.11108" y="305.55554" >
      <Parameter Name="ROWS" Value="1" />
      <Parameter Name="COLS" Value="1" />
      <FBNetwork >
        <FB Name="DIAG" Type="SUBL_2" x="527.7778" y="11.111111" />
        <FB Name="LOG" Type="DIAG_LOG" x="1077.7777" y="11.111111" >
          <Parameter Name="QI" Value="1" />
        </FB>
        <FB Name="CLK" Type="E_CYCLE" x="1972.2222" y="144.44444" >
          <Parameter Name="DT" Value="t#300ms" />
        </FB>
        <FB Name="DIAG_CLK" Type="PUBL_0" x="1583.3333" y="11.111111" />
        <EventConnections>
          <Connection Source="START.COLD" Destination="DIAG.INIT" dx1="77.77777" dx2="152.9412" dy="-1.0" />
          <Connection Source="DIAG.INITO" Destination="LOG.INIT" dx1="38.888885" dx2="805.8823" dy="-1.0" />
          <Connection Source="DIAG.IND" Destination="LOG.REQ" dx1="77.77777" dx2="876.4706" dy="-1.0" />
          <Connection Source="LOG.INITO" Destination="DIAG_CLK.INIT" dx1="33.333332" />
          <Connection Source="DIAG_CLK.INITO" Destination="CLK.START" dx1="27.777777" />
          <Connection Source="CLK.EO" Destination="DIAG_CLK.REQ" dx1="27.777777" dx2="44.444443" dy="633.3333" />
        </EventConnections>
        <DataConnections>
          <Connection Source="DIAG.RD_1" Destination="LOG.SRC" dx1="61.111107" dx2="1147.0588" dy="1388.2352" />
          <Connection Source="DIAG.RD_2" Destination="LOG.COND" dx1="27.777777" dx2="1070.5883" dy="1270.5883" />
        </DataConnections>
      </FBNetwork>
    </Resource>
    <Resource Name="MONITOR" Type="EMB_RES" x="261.1111" y="11.111111" >
      <FBNetwork >
        <FB Name="SUPPLY" Type="MECH2_DIAGL" x="494.44443" y="11.111111" >
          <Parameter Name="DIAG_ID" Value="&#34;DIAG&#34;" />
          <Parameter Name="SRC" Value="&#34;SUPPLY&#34;" />
          <Parameter Name="NF" Value="20" />
          <Parameter Name="NR" Value="10" />
        </FB>
        <FB Name="LOAD_SOL" Type="SOL_DIAGL" x="1050.0" y="688.88885" >
          <Parameter Name="DIAG_ID" Value="&#34;DIAG&#34;" />
          <Parameter Name="SRC" Value="&#34;LOADER&#34;" />
          <Parameter Name="NF" Value="4" />
          <Parameter Name="NR" Value="4" />
        </FB>
        <FB Name="SLIDE" Type="MECH2_DIAGL" x="1716.6666" y="11.111111" >
          <Parameter Name="DIAG_ID" Value="&#34;DIAG&#34;" />
          <Parameter Name="SRC" Value="&#34;SLIDE&#34;" />
          <Parameter Name="NF" Value="5" />
          <Parameter Name="NR" Value="5" />
        </FB>
        <FB Name="DRILL" Type="MECH2_DIAGL" x="2272.2222" y="683.3333" >
          <Parameter Name="DIAG_ID" Value="&#34;DIAG&#34;" />
          <Parameter Name="SRC" Value="&#34;DRILL&#34;" />
          <Parameter Name="NF" Value="10" />
          <Parameter Name="NR" Value="7" />
        </FB>
        <FB Name="UNLOAD" Type="SOL_DIAGL" x="3122.2222" y="11.111111" >
          <Parameter Name="DIAG_ID" Value="&#34;DIAG&#34;" />
          <Parameter Name="SRC" Value="&#34;UNLOADER&#34;" />
          <Parameter Name="NF" Value="4" />
          <Parameter Name="NR" Value="4" />
        </FB>
        <FB Name="TAKEOFF" Type="MECH2_DIAGL" x="3633.3333" y="688.88885" >
          <Parameter Name="DIAG_ID" Value="&#34;DIAG&#34;" />
          <Parameter Name="SRC" Value="&#34;TAKEOFF&#34;" />
          <Parameter Name="NF" Value="10" />
          <Parameter Name="NR" Value="10" />
        </FB>
        <EventConnections>
          <Connection Source="START.COLD" Destination="SUPPLY.INIT" dx1="33.333332" />
          <Connection Source="SUPPLY.INITO" Destination="LOAD_SOL.INIT" dx1="27.777777" dx2="5.8824" dy="158.8235" />
          <Connection Source="LOAD_SOL.INITO" Destination="SLIDE.INIT" dx1="27.777777" />
          <Connection Source="SLIDE.INITO" Destination="DRILL.INIT" dx1="33.333332" />
          <Connection Source="DRILL.INITO" Destination="UNLOAD.INIT" dx1="33.333332" />
          <Connection Source="UNLOAD.INITO" Destination="TAKEOFF.INIT" dx1="27.777777" />
        </EventConnections>
      </FBNetwork>
    </Resource>
    <Resource Name="CLAMP" Type="EMB_RES" Comment="Special Monitoring for Clamp" x="688.88885" y="11.111111" >
      <FBNetwork >
        <FB Name="MON_FWD" Type="MECH1_DIAGL" x="1683.3333" y="133.33333" >
          <Parameter Name="SRC" Value="&#34;SLIDE&#34;" />
          <Parameter Name="N" Value="5" />
          <Parameter Name="DIAG_ID" Value="&#34;DIAG&#34;" />
          <Parameter Name="MSG" Value="&#34;TIMEOUT_CLAMPING&#34;" />
        </FB>
        <FB Name="SLIDE_ACT" Type="SUBL_3" x="2650.0" y="11.111111" />
        <FB Name="SLIDE_SENSE" Type="SUBL_5" x="2255.5554" y="11.111111" />
        <FB Name="MON_REV" Type="MECH1_DIAGL" x="822.22217" y="11.111111" >
          <Parameter Name="SRC" Value="&#34;SLIDE&#34;" />
          <Parameter Name="N" Value="5" />
          <Parameter Name="DIAG_ID" Value="&#34;DIAG&#34;" />
          <Parameter Name="MSG" Value="&#34;TIMEOUT_UNCLAMPING&#34;" />
        </FB>
        <FB Name="UNCLAMP" Type="FB_NOT" x="3038.8887" y="122.22221" />
        <EventConnections>
          <Connection Source="SLIDE_ACT.IND" Destination="UNCLAMP.REQ" dx1="27.777777" />
          <Connection Source="SLIDE_SENSE.INITO" Destination="SLIDE_ACT.INIT" dx1="83.33333" />
          <Connection Source="START.COLD" Destination="MON_REV.INIT" dx1="55.555553" />
          <Connection Source="MON_REV.INITO" Destination="MON_FWD.INIT" dx1="311.11108" />
          <Connection Source="MON_FWD.INITO" Destination="SLIDE_SENSE.INIT" dx1="27.777777" />
        </EventConnections>
        <DataConnections>
          <Connection Source="SLIDE_ACT.RD_3" Destination="UNCLAMP.IN" dx1="27.777777" />
          <Connection Source="SLIDE_ACT.RD_3" Destination="MON_FWD.FWD" dx1="27.777777" dx2="327.77777" dy="605.55554" />
          <Connection Source="SLIDE_SENSE.RD_5" Destination="MON_FWD.END" dx1="27.777777" dx2="300.0" dy="350.0" />
          <Connection Source="SLIDE_SENSE.RD_4" Destination="MON_REV.END" dx1="61.111107" dx2="300.0" dy="572.2222" />
          <Connection Source="UNCLAMP.OUT" Destination="MON_REV.FWD" dx1="27.777777" dx2="344.44443" dy="933.3333" />
        </DataConnections>
      </FBNetwork>
    </Resource>
  </Device>
  <Device Name="MODEL" Type="FRAME_DEVICE" x="1677.7777" y="11.111111" >
    <Parameter Name="BOUNDS" Value="[475,100,190,360]" />
    <Resource Name="CLOCK" Type="EMB_RES" x="105.55555" y="11.111111" >
      <FBNetwork >
        <FB Name="CLK" Type="E_CYCLE" x="1644.4443" y="461.11108" >
          <Parameter Name="DT" Value="t#250ms" />
        </FB>
        <FB Name="SIM_CLK" Type="PUBL_0" x="572.2222" y="11.111111" />
        <FB Name="CLK_DLY" Type="E_DELAY" Comment="Wait for everything to initialize, then start simulation" x="1188.8888" y="11.111111" >
          <Parameter Name="DT" Value="t#500ms" />
        </FB>
        <EventConnections>
          <Connection Source="CLK.EO" Destination="SIM_CLK.REQ" dx1="27.777777" dx2="44.444443" dy="555.55554" />
          <Connection Source="START.STOP" Destination="CLK.STOP" dx1="27.777777" />
          <Connection Source="START.COLD" Destination="SIM_CLK.INIT" dx1="27.777777" />
          <Connection Source="START.WARM" Destination="SIM_CLK.INIT" dx1="38.888885" />
          <Connection Source="SIM_CLK.INITO" Destination="CLK_DLY.START" dx1="27.777777" />
          <Connection Source="CLK_DLY.EO" Destination="CLK.START" dx1="27.777777" />
        </EventConnections>
      </FBNetwork>
    </Resource>
    <Resource Name="SUPPLY_MDL" Type="EMB_RES" x="127.77777" y="311.11108" >
      <FBNetwork >
        <FB Name="SUPPLY" Type="XBAR_MDLL" x="638.88885" y="11.111111" >
          <Parameter Name="VF" Value="5" />
          <Parameter Name="VR" Value="10" />
        </FB>
        <FB Name="LOAD_SOL" Type="SOL_MDLL" x="2150.0" y="11.111111" >
          <Parameter Name="VF" Value="34" />
          <Parameter Name="VR" Value="50" />
        </FB>
        <FB Name="UNLD" Type="E_R_TRIG" x="2688.8887" y="122.22221" />
        <FB Name="LOAD" Type="E_R_TRIG" x="1283.3333" y="122.22221" />
        <FB Name="SUPPLY_LOAD" Type="LOADL" x="1772.2222" y="11.111111" >
          <Parameter Name="LPOS" Value="0" />
          <Parameter Name="STYLE" Value="VSTYLE#DISC" />
          <Parameter Name="WKPC" Value="[255,255,0]" />
        </FB>
        <EventConnections>
          <Connection Source="START.COLD" Destination="SUPPLY.INIT" dx1="33.333332" />
          <Connection Source="LOAD_SOL.IND" Destination="UNLD.EI" dx1="77.77777" />
          <Connection Source="SUPPLY.IND" Destination="LOAD.EI" dx1="27.777777" />
          <Connection Source="UNLD.EO" Destination="SUPPLY.UNLD" dx1="27.777777" dx2="138.88889" dy="1338.8888" />
          <Connection Source="SUPPLY.INITO" Destination="SUPPLY_LOAD.INIT" dx1="455.55554" />
          <Connection Source="SUPPLY_LOAD.INITO" Destination="LOAD_SOL.INIT" dx1="72.22222" />
          <Connection Source="LOAD_SOL.INITO" Destination="SUPPLY_LOAD.REQ" dx1="27.777777" dx2="144.44444" dy="1255.5555" />
          <Connection Source="LOAD.EO" Destination="SUPPLY_LOAD.REQ" dx1="27.777777" />
        </EventConnections>
        <DataConnections>
          <Connection Source="LOAD_SOL.END" Destination="UNLD.QI" dx1="88.888885" />
          <Connection Source="SUPPLY.HOME" Destination="LOAD.QI" dx1="27.777777" />
        </DataConnections>
      </FBNetwork>
    </Resource>
    <Resource Name="SLIDE_MDL" Type="EMB_RES" x="122.22221" y="600.0" >
      <FBNetwork >
        <FB Name="SLIDE" Type="XSLIDE_MDLL" x="1355.5555" y="11.111111" >
          <Parameter Name="VF" Value="20" />
          <Parameter Name="VR" Value="20" />
        </FB>
        <FB Name="UNLOAD" Type="SOL_MDLL" x="455.55554" y="11.111111" >
          <Parameter Name="VF" Value="50" />
          <Parameter Name="VR" Value="50" />
        </FB>
        <FB Name="DRILL_SENSE" Type="SUBL_3" x="2055.5554" y="1050.0" />
        <FB Name="MAKE_HOLE" Type="E_R_TRIG" x="2494.4443" y="1272.2222" />
        <FB Name="UNLD" Type="E_R_TRIG" x="961.1111" y="233.33333" />
        <FB Name="LOAD_SOL_SENSE" Type="SUBL_2" x="2061.111" y="11.111111" />
        <FB Name="LOAD" Type="E_R_TRIG" x="2466.6665" y="233.33333" />
        <FB Name="SLIDE_LOAD" Type="LOADL" x="2888.8887" y="11.111111" >
          <Parameter Name="LPOS" Value="0" />
          <Parameter Name="STYLE" Value="VSTYLE#DISC" />
          <Parameter Name="WKPC" Value="[255,255,0]" />
        </FB>
        <FB Name="DRILLIT" Type="LOADL" x="2983.3333" y="1283.3333" >
          <Parameter Name="ID" Value="&#34;SLIDE_LOAD&#34;" />
          <Parameter Name="LPOS" Value="100" />
          <Parameter Name="STYLE" Value="VSTYLE#RING" />
          <Parameter Name="WKPC" Value="[255,255,0]" />
        </FB>
        <EventConnections>
          <Connection Source="DRILL_SENSE.IND" Destination="MAKE_HOLE.EI" dx1="27.777777" dx2="0.0" dy="-100.0" />
          <Connection Source="UNLOAD.IND" Destination="UNLD.EI" dx1="27.777777" />
          <Connection Source="UNLD.EO" Destination="SLIDE.UNLD" dx1="27.777777" />
          <Connection Source="LOAD_SOL_SENSE.IND" Destination="LOAD.EI" dx1="27.777777" />
          <Connection Source="START.COLD" Destination="UNLOAD.INIT" dx1="27.777777" />
          <Connection Source="UNLOAD.INITO" Destination="SLIDE.INIT" dx1="127.77777" />
          <Connection Source="SLIDE.INITO" Destination="LOAD_SOL_SENSE.INIT" dx1="27.777777" />
          <Connection Source="LOAD_SOL_SENSE.INITO" Destination="SLIDE_LOAD.INIT" dx1="422.2222" />
          <Connection Source="LOAD.EO" Destination="SLIDE_LOAD.REQ" dx1="27.777777" />
          <Connection Source="MAKE_HOLE.EO" Destination="DRILLIT.REQ" dx1="66.666664" />
          <Connection Source="DRILLIT.INITO" Destination="SLIDE.UNLD" dx1="27.777777" dx2="61.111107" dy="883.3333" />
          <Connection Source="SLIDE_LOAD.INITO" Destination="DRILL_SENSE.INIT" dx1="27.777777" dx2="100.0" dy="872.22217" />
          <Connection Source="DRILL_SENSE.INITO" Destination="DRILLIT.INIT" dx1="572.2222" />
        </EventConnections>
        <DataConnections>
          <Connection Source="DRILL_SENSE.RD_2" Destination="MAKE_HOLE.QI" dx1="27.777777" dx2="11.111111" dy="1188.8888" />
          <Connection Source="UNLOAD.END" Destination="UNLD.QI" dx1="50.0" />
          <Connection Source="LOAD_SOL_SENSE.RD_2" Destination="LOAD.QI" dx1="38.888885" />
        </DataConnections>
      </FBNetwork>
    </Resource>
    <Resource Name="DRILL_MDL" Type="EMB_RES" x="122.22221" y="899.99994" >
      <FBNetwork >
        <FB Name="DRILL" Type="XBAR_MDLL" x="2077.7776" y="11.111111" >
          <Parameter Name="VF" Value="10" />
          <Parameter Name="VR" Value="15" />
        </FB>
        <FB Name="DRILL_ACT" Type="SUBL_3" x="522.2222" y="11.111111" />
        <FB Name="TOOL" Type="E_SWITCH" x="911.1111" y="233.33333" />
        <FB Name="DRILL_LOAD" Type="LOADL" x="633.3333" y="977.7777" >
          <Parameter Name="STYLE" Value="VSTYLE#TOOL_ON" />
          <Parameter Name="WKPC" Value="[255,255,0]" />
        </FB>
        <FB Name="DRILL_UNLD" Type="LOADL" x="1600.0" y="977.7777" >
          <Parameter Name="ID" Value="&#34;DRILL_LOAD&#34;" />
          <Parameter Name="STYLE" Value="VSTYLE#TOOL_OFF" />
          <Parameter Name="WKPC" Value="[255,255,0]" />
        </FB>
        <EventConnections>
          <Connection Source="START.COLD" Destination="DRILL_ACT.INIT" dx1="27.777777" />
          <Connection Source="DRILL_ACT.INITO" Destination="DRILL.INIT" dx1="61.111107" />
          <Connection Source="DRILL.INITO" Destination="DRILL_LOAD.INIT" dx1="27.777777" dx2="138.88889" dy="1877.7777" />
          <Connection Source="DRILL_LOAD.INITO" Destination="DRILL_UNLD.INIT" dx1="238.88889" />
          <Connection Source="DRILL_ACT.IND" Destination="TOOL.EI" dx1="27.777777" />
          <Connection Source="TOOL.EO1" Destination="DRILL_LOAD.REQ" dx1="27.777777" dx2="77.77777" dy="449.99997" />
          <Connection Source="TOOL.EO0" Destination="DRILL_UNLD.REQ" dx1="100.0" />
          <Connection Source="DRILL_UNLD.INITO" Destination="DRILL_UNLD.REQ" dx1="27.777777" dx2="272.2222" dy="-183.33333" />
        </EventConnections>
        <DataConnections>
          <Connection Source="DRILL_ACT.RD_3" Destination="TOOL.G" dx1="55.555553" />
        </DataConnections>
      </FBNetwork>
    </Resource>
    <Resource Name="TAKEOFF_MDL" Type="EMB_RES" x="127.77777" y="1166.6666" >
      <FBNetwork >
        <FB Name="UNLOAD_SENSE" Type="SUBL_2" x="511.11108" y="11.111111" />
        <FB Name="TAKEOFF" Type="XBAR_MDLL" x="1849.9999" y="11.111111" >
          <Parameter Name="VF" Value="10" />
          <Parameter Name="VR" Value="10" />
        </FB>
        <FB Name="UNLD" Type="E_R_TRIG" x="2477.7776" y="233.33333" />
        <FB Name="LOAD" Type="E_R_TRIG" x="922.22217" y="122.22221" />
        <FB Name="TAKEOFF_LOAD" Type="LOADL" x="1322.2222" y="11.111111" >
          <Parameter Name="LPOS" Value="0" />
          <Parameter Name="STYLE" Value="VSTYLE#RING" />
          <Parameter Name="WKPC" Value="[255,255,0]" />
        </FB>
        <EventConnections>
          <Connection Source="START.COLD" Destination="UNLOAD_SENSE.INIT" dx1="27.777777" />
          <Connection Source="UNLD.EO" Destination="TAKEOFF.UNLD" dx1="55.555553" dx2="161.1111" dy="1138.8888" />
          <Connection Source="TAKEOFF.IND" Destination="UNLD.EI" dx1="33.333332" />
          <Connection Source="TAKEOFF.INITO" Destination="TAKEOFF.UNLD" dx1="427.77777" dx2="161.1111" dy="1361.1111" />
          <Connection Source="UNLOAD_SENSE.IND" Destination="LOAD.EI" dx1="27.777777" />
          <Connection Source="UNLOAD_SENSE.INITO" Destination="TAKEOFF_LOAD.INIT" dx1="411.11108" />
          <Connection Source="TAKEOFF_LOAD.INITO" Destination="TAKEOFF.INIT" dx1="55.555553" />
          <Connection Source="LOAD.EO" Destination="TAKEOFF_LOAD.REQ" dx1="27.777777" />
        </EventConnections>
        <DataConnections>
          <Connection Source="TAKEOFF.END" Destination="UNLD.QI" dx1="27.777777" />
          <Connection Source="UNLOAD_SENSE.RD_2" Destination="LOAD.QI" dx1="38.888885" />
        </DataConnections>
      </FBNetwork>
    </Resource>
    <Resource Name="INPUT_VIEW" Type="VIEW_PANEL" x="783.3333" y="11.111111" >
      <Parameter Name="DIA" Value="30" />
      <Parameter Name="SIZE" Value="[6,5]" />
      <Parameter Name="VERTICAL" Value="1" />
      <FBNetwork >
        <FB Name="SUPPLY" Type="MECH_VIEWL" Comment="Supply transfer mechanism" x="494.44443" y="11.111111" >
          <Parameter Name="LEN" Value="5" />
          <Parameter Name="DIR" Value="1" />
        </FB>
        <FB Name="SP1" Type="XSPACE" x="1066.6666" y="800.0" >
          <Parameter Name="LBLS" Value="[&#34;SUPPLY&#34;,&#34;FEED&#34;,&#34;DRILL&#34;]" />
          <Parameter Name="DIMS" Value="[4,4]" />
        </FB>
        <FB Name="LOAD_SOL" Type="SOL_VIEWL" Comment="Loader mechanism" x="1638.8888" y="11.111111" >
          <Parameter Name="LEN" Value="1" />
          <Parameter Name="DIR" Value="1" />
        </FB>
        <FB Name="SP3" Type="XSPACE" x="2277.7776" y="11.111111" >
          <Parameter Name="DIMS" Value="[1,2]" />
        </FB>
        <FB Name="DRILL" Type="MECH_VIEWL" x="2716.6665" y="272.2222" >
          <Parameter Name="BKGD" Value="COLOR#gray" />
          <Parameter Name="LEN" Value="3" />
          <Parameter Name="DIR" Value="1" />
        </FB>
        <EventConnections>
          <Connection Source="START.COLD" Destination="SUPPLY.INIT" dx1="33.333332" dx2="5.8824" dy="-1.0" />
          <Connection Source="SUPPLY.INITO" Destination="SP1.INIT" dx1="33.333332" dx2="541.1765" dy="400.0" />
          <Connection Source="SP1.INITO" Destination="LOAD_SOL.INIT" dx1="55.555553" />
          <Connection Source="LOAD_SOL.INITO" Destination="SP3.INIT" dx1="77.77777" />
          <Connection Source="SP3.INITO" Destination="DRILL.INIT" dx1="33.333332" dx2="105.8824" dy="-1.0" />
        </EventConnections>
      </FBNetwork>
    </Resource>
    <Resource Name="OUTPUT_VIEW" Type="VIEW_PANEL" x="766.6666" y="866.6666" >
      <Parameter Name="DIA" Value="30" />
      <Parameter Name="SIZE" Value="[6,5]" />
      <FBNetwork >
        <FB Name="SLIDE" Type="MECHC_VIEWL" x="461.11108" y="11.111111" >
          <Parameter Name="LEN" Value="6" />
        </FB>
        <FB Name="TAKEOFF" Type="MECH_VIEWL" Comment="Takeoff Transfer" x="1027.7777" y="11.111111" >
          <Parameter Name="LEN" Value="4" />
          <Parameter Name="DIR" Value="1" />
        </FB>
        <FB Name="UNLOAD" Type="SOL_VIEWL" Comment="Unloader Mechanism" x="1544.4443" y="11.111111" >
          <Parameter Name="LEN" Value="1" />
          <Parameter Name="DIR" Value="1" />
        </FB>
        <FB Name="SP1" Type="XSPACE" x="2083.3333" y="605.55554" >
          <Parameter Name="LBLS" Value="[&#34;TAKEOFF&#34;,&#34;SLIDE&#34;]" />
          <Parameter Name="DIMS" Value="[3,4]" />
        </FB>
        <EventConnections>
          <Connection Source="START.COLD" Destination="SLIDE.INIT" dx1="44.444443" />
          <Connection Source="SLIDE.INITO" Destination="TAKEOFF.INIT" dx1="111.11111" />
          <Connection Source="TAKEOFF.INITO" Destination="UNLOAD.INIT" dx1="66.666664" />
          <Connection Source="UNLOAD.INITO" Destination="SP1.INIT" dx1="33.333332" />
        </EventConnections>
      </FBNetwork>
    </Resource>
  </Device>
  <Device Name="CONTROL" Type="FRAME_DEVICE" x="588.88885" y="11.111111" >
    <Parameter Name="BOUNDS" Value="[100,100,375,360]" />
    <Parameter Name="GRID" Value="[6,2]" />
    <Resource Name="SUPPLY_SENSORS" Type="PANEL_RESOURCE" x="522.2222" y="11.111111" >
      <FBNetwork >
        <FB Name="SUPPLY_SENSE" Type="SUBL_3" x="482.3529" y="11.7647" />
        <FB Name="SH" Type="OUT_BOOL" x="1029.4117" y="252.9412" >
          <Parameter Name="LABEL" Value="&#34;SUPPLY HOME&#34;" />
        </FB>
        <FB Name="SE" Type="OUT_BOOL" x="1500.0" y="717.647" >
          <Parameter Name="LABEL" Value="&#34;SUPPLY AT END&#34;" />
        </FB>
        <FB Name="WP" Type="OUT_BOOL" x="1970.5883" y="1176.4706" >
          <Parameter Name="LABEL" Value="&#34;WORKPIECE PRESENT&#34;" />
        </FB>
        <EventConnections>
          <Connection Source="START.COLD" Destination="SUPPLY_SENSE.INIT" dx1="58.8235" />
          <Connection Source="SUPPLY_SENSE.INITO" Destination="SH.INIT" dx1="64.7059" />
          <Connection Source="SH.INITO" Destination="SE.INIT" dx1="52.9412" />
          <Connection Source="SE.INITO" Destination="WP.INIT" dx1="58.8235" />
          <Connection Source="SUPPLY_SENSE.IND" Destination="SH.REQ" dx1="29.4118" dx2="5.8824" dy="764.7059" />
          <Connection Source="SH.CNF" Destination="SE.REQ" dx1="29.4118" dx2="5.8824" dy="764.7059" />
          <Connection Source="SE.CNF" Destination="WP.REQ" dx1="29.4118" dx2="5.8824" dy="764.7059" />
        </EventConnections>
        <DataConnections>
          <Connection Source="SUPPLY_SENSE.RD_1" Destination="SH.IN" dx1="111.7647" />
          <Connection Source="SUPPLY_SENSE.RD_2" Destination="SE.IN" dx1="64.7059" />
          <Connection Source="SUPPLY_SENSE.RD_3" Destination="WP.IN" dx1="29.4118" />
        </DataConnections>
      </FBNetwork>
    </Resource>
    <Resource Name="SUPPLY_ACTUATORS" Type="PANEL_RESOURCE" x="1250.0" y="11.111111" >
      <Parameter Name="ROWS" Value="3" />
      <FBNetwork >
        <FB Name="FWD" Type="OUT_BOOL" x="994.4444" y="138.88889" >
          <Parameter Name="LABEL" Value="&#34;SUPPLY FWD&#34;" />
          <Parameter Name="C1" Value="[255,0,0]" />
        </FB>
        <FB Name="REV" Type="OUT_BOOL" x="1500.0" y="605.55554" >
          <Parameter Name="LABEL" Value="&#34;SUPPLY REV&#34;" />
          <Parameter Name="C1" Value="[255,0,0]" />
        </FB>
        <FB Name="SUPPLY_ACT" Type="SUBL_2" x="505.55554" y="11.111111" />
        <EventConnections>
          <Connection Source="FWD.INITO" Destination="REV.INIT" dx1="88.888885" />
          <Connection Source="START.COLD" Destination="SUPPLY_ACT.INIT" dx1="27.777777" />
          <Connection Source="SUPPLY_ACT.INITO" Destination="FWD.INIT" dx1="61.111107" />
          <Connection Source="SUPPLY_ACT.IND" Destination="FWD.REQ" dx1="38.888885" />
          <Connection Source="FWD.CNF" Destination="REV.REQ" dx1="55.555553" />
        </EventConnections>
        <DataConnections>
          <Connection Source="SUPPLY_ACT.RD_1" Destination="FWD.IN" dx1="66.666664" />
          <Connection Source="SUPPLY_ACT.RD_2" Destination="REV.IN" dx1="27.777777" />
        </DataConnections>
      </FBNetwork>
    </Resource>
    <Resource Name="LOAD_SENSORS" Type="PANEL_RESOURCE" x="527.7778" y="627.7778" >
      <FBNetwork >
        <FB Name="LOAD_SOL_SENSE" Type="SUBL_2" x="641.1765" y="11.7647" />
        <FB Name="HOME" Type="OUT_BOOL" x="1117.6471" y="129.4118" >
          <Parameter Name="LABEL" Value="&#34;LOADER HOME&#34;" />
        </FB>
        <FB Name="END" Type="OUT_BOOL" x="1641.1764" y="605.8823" >
          <Parameter Name="LABEL" Value="&#34;LOADER AT END&#34;" />
        </FB>
        <EventConnections>
          <Connection Source="START.COLD" Destination="LOAD_SOL_SENSE.INIT" dx1="29.4118" />
          <Connection Source="LOAD_SOL_SENSE.INITO" Destination="HOME.INIT" dx1="58.8235" />
          <Connection Source="HOME.INITO" Destination="END.INIT" dx1="82.3529" />
          <Connection Source="LOAD_SOL_SENSE.IND" Destination="HOME.REQ" dx1="29.4118" />
          <Connection Source="HOME.CNF" Destination="END.REQ" dx1="41.1765" />
        </EventConnections>
        <DataConnections>
          <Connection Source="LOAD_SOL_SENSE.RD_1" Destination="HOME.IN" dx1="88.2353" />
          <Connection Source="LOAD_SOL_SENSE.RD_2" Destination="END.IN" dx1="52.9412" />
        </DataConnections>
      </FBNetwork>
    </Resource>
    <Resource Name="LOAD_ACTUATORS" Type="PANEL_RESOURCE" x="1244.4443" y="661.1111" >
      <Parameter Name="ROWS" Value="3" />
      <FBNetwork >
        <FB Name="LOAD_SOL" Type="OUT_BOOL" x="1027.7777" y="11.111111" >
          <Parameter Name="LABEL" Value="&#34;LOAD SOL&#34;" />
          <Parameter Name="C1" Value="[255,0,0]" />
        </FB>
        <FB Name="LOAD_SOL_ACT" Type="SUBL_1" x="577.7778" y="11.111111" />
        <EventConnections>
          <Connection Source="START.COLD" Destination="LOAD_SOL_ACT.INIT" dx1="27.777777" />
          <Connection Source="LOAD_SOL_ACT.INITO" Destination="LOAD_SOL.INIT" dx1="27.777777" />
          <Connection Source="LOAD_SOL_ACT.IND" Destination="LOAD_SOL.REQ" dx1="33.333332" />
        </EventConnections>
        <DataConnections>
          <Connection Source="LOAD_SOL_ACT.RD_1" Destination="LOAD_SOL.IN" dx1="33.333332" />
        </DataConnections>
      </FBNetwork>
    </Resource>
    <Resource Name="SLIDE_SENSORS" Type="PANEL_RESOURCE" x="544.4444" y="1277.7777" >
      <FBNetwork >
        <FB Name="SLIDE_SENSE" Type="SUBL_5" x="527.7778" y="1244.4443" />
        <FB Name="SH" Type="OUT_BOOL" x="1338.8888" y="11.111111" >
          <Parameter Name="LABEL" Value="&#34;SLIDE HOME&#34;" />
        </FB>
        <FB Name="SE" Type="OUT_BOOL" x="1783.3333" y="494.44443" >
          <Parameter Name="LABEL" Value="&#34;END&#34;" />
        </FB>
        <FB Name="UCL" Type="OUT_BOOL" x="2716.6665" y="11.111111" >
          <Parameter Name="LABEL" Value="&#34;UNCLAMPED&#34;" />
        </FB>
        <FB Name="CL" Type="OUT_BOOL" x="3150.0" y="483.3333" >
          <Parameter Name="LABEL" Value="&#34;CLAMPED&#34;" />
        </FB>
        <FB Name="WP" Type="OUT_BOOL" x="2216.6665" y="938.88885" >
          <Parameter Name="LABEL" Value="&#34;WORKPIECE PRESENT&#34;" />
        </FB>
        <EventConnections>
          <Connection Source="START.COLD" Destination="SLIDE_SENSE.INIT" dx1="27.777777" />
          <Connection Source="SLIDE_SENSE.INITO" Destination="SH.INIT" dx1="116.666664" />
          <Connection Source="SH.INITO" Destination="SE.INIT" dx1="61.111107" />
          <Connection Source="UCL.INITO" Destination="CL.INIT" dx1="61.111107" />
          <Connection Source="SLIDE_SENSE.IND" Destination="SH.REQ" dx1="172.22221" dx2="5.8824" dy="511.7647" />
          <Connection Source="SH.CNF" Destination="SE.REQ" dx1="27.777777" dx2="5.8824" dy="764.7059" />
          <Connection Source="UCL.CNF" Destination="CL.REQ" dx1="27.777777" dx2="5.8824" dy="764.7059" />
          <Connection Source="SE.CNF" Destination="WP.REQ" dx1="27.777777" />
          <Connection Source="SE.INITO" Destination="WP.INIT" dx1="55.555553" />
          <Connection Source="WP.INITO" Destination="UCL.INIT" dx1="33.333332" />
          <Connection Source="WP.CNF" Destination="UCL.REQ" dx1="72.22222" />
        </EventConnections>
        <DataConnections>
          <Connection Source="SLIDE_SENSE.RD_1" Destination="SH.IN" dx1="233.33333" />
          <Connection Source="SLIDE_SENSE.RD_2" Destination="SE.IN" dx1="283.3333" />
          <Connection Source="SLIDE_SENSE.RD_3" Destination="WP.IN" dx1="999.99994" />
          <Connection Source="SLIDE_SENSE.RD_4" Destination="UCL.IN" dx1="1833.3333" />
          <Connection Source="SLIDE_SENSE.RD_5" Destination="CL.IN" dx1="2016.6666" />
        </DataConnections>
      </FBNetwork>
    </Resource>
    <Resource Name="SLIDE_ACTUATORS" Type="PANEL_RESOURCE" x="1266.6666" y="1266.6666" >
      <Parameter Name="ROWS" Value="3" />
      <FBNetwork >
        <FB Name="FWD" Type="OUT_BOOL" x="1016.6666" y="266.66666" >
          <Parameter Name="LABEL" Value="&#34;SLIDE FWD&#34;" />
          <Parameter Name="C1" Value="[255,0,0]" />
        </FB>
        <FB Name="REV" Type="OUT_BOOL" x="1472.2222" y="705.55554" >
          <Parameter Name="LABEL" Value="&#34;SLIDE REV&#34;" />
          <Parameter Name="C1" Value="[255,0,0]" />
        </FB>
        <FB Name="CLAMP" Type="OUT_BOOL" x="1922.2222" y="1144.4445" >
          <Parameter Name="LABEL" Value="&#34;CLAMP&#34;" />
          <Parameter Name="C1" Value="[255,0,0]" />
        </FB>
        <FB Name="SLIDE_ACT" Type="SUBL_3" x="505.55554" y="11.111111" />
        <EventConnections>
          <Connection Source="FWD.INITO" Destination="REV.INIT" dx1="72.22222" />
          <Connection Source="REV.INITO" Destination="CLAMP.INIT" dx1="55.555553" />
          <Connection Source="REV.CNF" Destination="CLAMP.REQ" dx1="27.777777" />
          <Connection Source="FWD.CNF" Destination="REV.REQ" dx1="27.777777" />
          <Connection Source="START.COLD" Destination="SLIDE_ACT.INIT" dx1="27.777777" />
          <Connection Source="SLIDE_ACT.IND" Destination="FWD.REQ" dx1="27.777777" />
          <Connection Source="SLIDE_ACT.INITO" Destination="FWD.INIT" dx1="55.555553" />
        </EventConnections>
        <DataConnections>
          <Connection Source="SLIDE_ACT.RD_1" Destination="FWD.IN" dx1="88.888885" />
          <Connection Source="SLIDE_ACT.RD_2" Destination="REV.IN" dx1="55.555553" />
          <Connection Source="SLIDE_ACT.RD_3" Destination="CLAMP.IN" dx1="27.777777" />
        </DataConnections>
      </FBNetwork>
    </Resource>
    <Resource Name="DRILL_SENSORS" Type="PANEL_RESOURCE" x="2272.2222" y="11.111111" >
      <FBNetwork >
        <FB Name="DRILL_SENSE" Type="SUBL_3" x="482.3529" y="11.7647" />
        <FB Name="SH" Type="OUT_BOOL" x="1029.4117" y="252.9412" >
          <Parameter Name="LABEL" Value="&#34;DRILL HOME&#34;" />
        </FB>
        <FB Name="SE" Type="OUT_BOOL" x="1500.0" y="717.647" >
          <Parameter Name="LABEL" Value="&#34;DRILL AT END&#34;" />
        </FB>
        <FB Name="WP" Type="OUT_BOOL" x="1970.5883" y="1176.4706" >
          <Parameter Name="LABEL" Value="&#34;SPINDLE ON&#34;" />
        </FB>
        <EventConnections>
          <Connection Source="START.COLD" Destination="DRILL_SENSE.INIT" dx1="29.4118" />
          <Connection Source="DRILL_SENSE.INITO" Destination="SH.INIT" dx1="64.7059" />
          <Connection Source="SH.INITO" Destination="SE.INIT" dx1="64.7059" />
          <Connection Source="SE.INITO" Destination="WP.INIT" dx1="70.5882" />
          <Connection Source="DRILL_SENSE.IND" Destination="SH.REQ" dx1="29.4118" />
          <Connection Source="SH.CNF" Destination="SE.REQ" dx1="29.4118" dx2="5.8824" dy="764.7059" />
          <Connection Source="SE.CNF" Destination="WP.REQ" dx1="29.4118" dx2="5.8824" dy="764.7059" />
        </EventConnections>
        <DataConnections>
          <Connection Source="DRILL_SENSE.RD_1" Destination="SH.IN" dx1="158.8235" />
          <Connection Source="DRILL_SENSE.RD_2" Destination="SE.IN" dx1="111.7647" />
          <Connection Source="DRILL_SENSE.RD_3" Destination="WP.IN" dx1="58.8235" />
        </DataConnections>
      </FBNetwork>
    </Resource>
    <Resource Name="DRILL_ACTUATORS" Type="PANEL_RESOURCE" x="2961.111" y="11.111111" >
      <Parameter Name="ROWS" Value="3" />
      <FBNetwork >
        <FB Name="FWD" Type="OUT_BOOL" x="1055.5555" y="261.1111" >
          <Parameter Name="LABEL" Value="&#34;DRILL FWD&#34;" />
          <Parameter Name="C1" Value="[255,0,0]" />
        </FB>
        <FB Name="REV" Type="OUT_BOOL" x="1516.6666" y="727.7778" >
          <Parameter Name="LABEL" Value="&#34;DRILL REV&#34;" />
          <Parameter Name="C1" Value="[255,0,0]" />
        </FB>
        <FB Name="SPIN" Type="OUT_BOOL" x="1949.9999" y="1166.6666" >
          <Parameter Name="LABEL" Value="&#34;SPINDLE MOTOR&#34;" />
          <Parameter Name="C1" Value="[255,0,0]" />
        </FB>
        <FB Name="DRILL_ACT" Type="SUBL_3" x="522.2222" y="11.111111" />
        <EventConnections>
          <Connection Source="FWD.INITO" Destination="REV.INIT" dx1="88.888885" />
          <Connection Source="REV.INITO" Destination="SPIN.INIT" dx1="50.0" />
          <Connection Source="REV.CNF" Destination="SPIN.REQ" dx1="27.777777" />
          <Connection Source="FWD.CNF" Destination="REV.REQ" dx1="27.777777" />
          <Connection Source="START.COLD" Destination="DRILL_ACT.INIT" dx1="27.777777" />
          <Connection Source="DRILL_ACT.INITO" Destination="FWD.INIT" dx1="55.555553" />
          <Connection Source="DRILL_ACT.IND" Destination="FWD.REQ" dx1="27.777777" />
        </EventConnections>
        <DataConnections>
          <Connection Source="DRILL_ACT.RD_1" Destination="FWD.IN" dx1="111.11111" />
          <Connection Source="DRILL_ACT.RD_2" Destination="REV.IN" dx1="61.111107" />
          <Connection Source="DRILL_ACT.RD_3" Destination="SPIN.IN" dx1="27.777777" />
        </DataConnections>
      </FBNetwork>
    </Resource>
    <Resource Name="UNLOAD_SENSORS" Type="PANEL_RESOURCE" x="2277.7776" y="666.6666" >
      <FBNetwork >
        <FB Name="UNLOAD_SENSE" Type="SUBL_2" x="523.5294" y="11.7647" />
        <FB Name="HOME" Type="OUT_BOOL" x="1047.0588" y="129.4118" >
          <Parameter Name="LABEL" Value="&#34;UNLOADER HOME&#34;" />
        </FB>
        <FB Name="END" Type="OUT_BOOL" x="1535.2941" y="611.7647" >
          <Parameter Name="LABEL" Value="&#34;UNLOADER AT END&#34;" />
        </FB>
        <EventConnections>
          <Connection Source="START.COLD" Destination="UNLOAD_SENSE.INIT" dx1="29.4118" />
          <Connection Source="UNLOAD_SENSE.INITO" Destination="HOME.INIT" dx1="76.4706" />
          <Connection Source="HOME.INITO" Destination="END.INIT" dx1="64.7059" />
          <Connection Source="UNLOAD_SENSE.IND" Destination="HOME.REQ" dx1="47.0588" />
          <Connection Source="HOME.CNF" Destination="END.REQ" dx1="41.1765" />
        </EventConnections>
        <DataConnections>
          <Connection Source="UNLOAD_SENSE.RD_1" Destination="HOME.IN" dx1="88.2353" />
          <Connection Source="UNLOAD_SENSE.RD_2" Destination="END.IN" dx1="47.0588" />
        </DataConnections>
      </FBNetwork>
    </Resource>
    <Resource Name="UNLOAD_ACTUATORS" Type="PANEL_RESOURCE" x="2994.4443" y="666.6666" >
      <Parameter Name="ROWS" Value="3" />
      <FBNetwork >
        <FB Name="UNLOAD" Type="OUT_BOOL" x="999.99994" y="11.111111" >
          <Parameter Name="LABEL" Value="&#34;UNLOAD SOL&#34;" />
          <Parameter Name="C1" Value="[255,0,0]" />
        </FB>
        <FB Name="UNLOAD_ACT" Type="SUBL_1" x="538.88885" y="11.111111" />
        <EventConnections>
          <Connection Source="START.COLD" Destination="UNLOAD_ACT.INIT" dx1="27.777777" />
          <Connection Source="UNLOAD_ACT.INITO" Destination="UNLOAD.INIT" dx1="27.777777" />
          <Connection Source="UNLOAD_ACT.IND" Destination="UNLOAD.REQ" dx1="33.333332" />
        </EventConnections>
        <DataConnections>
          <Connection Source="UNLOAD_ACT.RD_1" Destination="UNLOAD.IN" dx1="27.777777" />
        </DataConnections>
      </FBNetwork>
    </Resource>
    <Resource Name="TAKEOFF_SENSORS" Type="PANEL_RESOURCE" x="2283.3333" y="1266.6666" >
      <FBNetwork >
        <FB Name="TAKEOFF_SENSE" Type="SUBL_3" x="483.3333" y="11.111111" />
        <FB Name="SH" Type="OUT_BOOL" x="1027.7777" y="255.55554" >
          <Parameter Name="LABEL" Value="&#34;TAKEOFF HOME&#34;" />
        </FB>
        <FB Name="SE" Type="OUT_BOOL" x="1500.0" y="716.6666" >
          <Parameter Name="LABEL" Value="&#34;TAKEOFF AT END&#34;" />
        </FB>
        <FB Name="WP" Type="OUT_BOOL" x="1972.2222" y="1177.7777" >
          <Parameter Name="LABEL" Value="&#34;WORKPIECE PRESENT&#34;" />
        </FB>
        <EventConnections>
          <Connection Source="START.COLD" Destination="TAKEOFF_SENSE.INIT" dx1="27.777777" />
          <Connection Source="TAKEOFF_SENSE.INITO" Destination="SH.INIT" dx1="72.22222" />
          <Connection Source="SH.INITO" Destination="SE.INIT" dx1="61.111107" />
          <Connection Source="SE.INITO" Destination="WP.INIT" dx1="72.22222" />
          <Connection Source="TAKEOFF_SENSE.IND" Destination="SH.REQ" dx1="27.777777" />
          <Connection Source="SH.CNF" Destination="SE.REQ" dx1="27.777777" dx2="5.8824" dy="764.7059" />
          <Connection Source="SE.CNF" Destination="WP.REQ" dx1="27.777777" dx2="5.8824" dy="764.7059" />
        </EventConnections>
        <DataConnections>
          <Connection Source="TAKEOFF_SENSE.RD_1" Destination="SH.IN" dx1="161.1111" />
          <Connection Source="TAKEOFF_SENSE.RD_2" Destination="SE.IN" dx1="100.0" />
          <Connection Source="TAKEOFF_SENSE.RD_3" Destination="WP.IN" dx1="55.555553" />
        </DataConnections>
      </FBNetwork>
    </Resource>
    <Resource Name="TAKEOFF_ACTUATORS" Type="PANEL_RESOURCE" x="2994.4443" y="1283.3333" >
      <Parameter Name="ROWS" Value="3" />
      <FBNetwork >
        <FB Name="FWD" Type="OUT_BOOL" x="949.99994" y="166.66666" >
          <Parameter Name="C1" Value="[255,0,0]" />
          <Parameter Name="LABEL" Value="&#34;TAKEOFF FWD&#34;" />
        </FB>
        <FB Name="REV" Type="OUT_BOOL" x="1416.6666" y="627.7778" >
          <Parameter Name="C1" Value="[255,0,0]" />
          <Parameter Name="LABEL" Value="&#34;TAKEOFF REV&#34;" />
        </FB>
        <FB Name="TAKEOFF_ACT" Type="SUBL_2" x="522.2222" y="11.111111" />
        <EventConnections>
          <Connection Source="FWD.INITO" Destination="REV.INIT" dx1="72.22222" />
          <Connection Source="FWD.CNF" Destination="REV.REQ" dx1="27.777777" />
          <Connection Source="START.COLD" Destination="TAKEOFF_ACT.INIT" dx1="27.777777" />
          <Connection Source="TAKEOFF_ACT.INITO" Destination="FWD.INIT" dx1="50.0" />
          <Connection Source="TAKEOFF_ACT.IND" Destination="FWD.REQ" dx1="27.777777" />
        </EventConnections>
        <DataConnections>
          <Connection Source="TAKEOFF_ACT.RD_1" Destination="FWD.IN" dx1="66.666664" />
          <Connection Source="TAKEOFF_ACT.RD_2" Destination="REV.IN" dx1="33.333332" />
        </DataConnections>
      </FBNetwork>
    </Resource>
    <Resource Name="SUPPLY" Type="EMB_RES" x="150.0" y="161.1111" >
      <FBNetwork >
        <FB Name="SUPPLY_SENSE" Type="SUBL_3" x="611.1111" y="11.111111" />
        <FB Name="CTL" Type="XBAR_CTL" x="1061.1111" y="233.33333" />
        <FB Name="SUPPLY_ACT" Type="PUBL_2" x="1544.4443" y="11.111111" />
        <EventConnections>
          <Connection Source="START.COLD" Destination="SUPPLY_SENSE.INIT" dx1="83.33333" dx2="82.3529" dy="-64.7059" />
          <Connection Source="SUPPLY_SENSE.INITO" Destination="SUPPLY_ACT.INIT" dx1="344.44443" />
          <Connection Source="SUPPLY_SENSE.IND" Destination="CTL.REQ" dx1="27.777777" />
          <Connection Source="CTL.CNF" Destination="SUPPLY_ACT.REQ" dx1="27.777777" dx2="52.9412" dy="1182.3529" />
        </EventConnections>
        <DataConnections>
          <Connection Source="SUPPLY_SENSE.RD_1" Destination="CTL.HOME" dx1="27.777777" />
          <Connection Source="SUPPLY_SENSE.RD_2" Destination="CTL.END" dx1="27.777777" />
          <Connection Source="SUPPLY_SENSE.RD_3" Destination="CTL.PRESENT" dx1="27.777777" />
          <Connection Source="CTL.FWD" Destination="SUPPLY_ACT.SD_1" dx1="27.777777" />
          <Connection Source="CTL.REV" Destination="SUPPLY_ACT.SD_2" dx1="27.777777" />
        </DataConnections>
      </FBNetwork>
    </Resource>
    <Resource Name="LOAD" Type="EMB_RES" x="155.55554" y="777.7778" >
      <FBNetwork >
        <FB Name="SUPPLY_SENSE" Type="SUBL_3" x="561.1111" y="11.111111" />
        <FB Name="SLIDE_SENSE" Type="SUBL_5" x="1094.4445" y="11.111111" />
        <FB Name="CTL" Type="LOAD_CTL" x="1616.6666" y="1027.7777" />
        <FB Name="LOAD_SOL_ACT" Type="PUBL_1" x="2255.5554" y="11.111111" />
        <EventConnections>
          <Connection Source="START.COLD" Destination="SUPPLY_SENSE.INIT" dx1="27.777777" />
          <Connection Source="SUPPLY_SENSE.INITO" Destination="SLIDE_SENSE.INIT" dx1="27.777777" dx2="100.0" dy="817.647" />
          <Connection Source="SLIDE_SENSE.INITO" Destination="LOAD_SOL_ACT.INIT" dx1="200.0" />
          <Connection Source="SUPPLY_SENSE.IND" Destination="CTL.REQ" dx1="127.77777" />
          <Connection Source="SLIDE_SENSE.IND" Destination="CTL.REQ" dx1="122.22221" />
          <Connection Source="CTL.IND" Destination="LOAD_SOL_ACT.REQ" dx1="27.777777" />
        </EventConnections>
        <DataConnections>
          <Connection Source="SUPPLY_SENSE.RD_2" Destination="CTL.SRC_RDY" dx1="83.33333" />
          <Connection Source="SUPPLY_SENSE.RD_3" Destination="CTL.SRC_PRESENT" dx1="33.333332" />
          <Connection Source="SLIDE_SENSE.RD_1" Destination="CTL.DST_RDY" dx1="66.666664" />
          <Connection Source="CTL.FWD" Destination="LOAD_SOL_ACT.SD_1" dx1="77.77777" />
          <Connection Source="SLIDE_SENSE.RD_3" Destination="CTL.DST_PRESENT" dx1="27.777777" />
        </DataConnections>
      </FBNetwork>
    </Resource>
    <Resource Name="SLIDE" Type="EMB_RES" x="1911.1111" y="783.3333" >
      <FBNetwork >
        <FB Name="DRILL_SENSE" Type="SUBL_3" x="555.55554" y="1216.6666" />
        <FB Name="SLIDE_SENSE" Type="SUBL_5" x="600.0" y="11.111111" />
        <FB Name="CTL" Type="XSLIDE_CTL" x="1238.8888" y="122.22221" />
        <FB Name="SLIDE_ACT" Type="PUBL_3" x="1988.8888" y="11.111111" />
        <EventConnections>
          <Connection Source="START.COLD" Destination="DRILL_SENSE.INIT" dx1="27.777777" />
          <Connection Source="DRILL_SENSE.INITO" Destination="SLIDE_SENSE.INIT" dx1="66.666664" dx2="33.333332" dy="-177.77777" />
          <Connection Source="SLIDE_SENSE.INITO" Destination="SLIDE_ACT.INIT" dx1="1333.3333" />
          <Connection Source="SLIDE_SENSE.IND" Destination="CTL.SENSE" dx1="61.111107" />
          <Connection Source="DRILL_SENSE.IND" Destination="CTL.SENSE" dx1="116.666664" />
          <Connection Source="CTL.ACT" Destination="SLIDE_ACT.REQ" dx1="88.888885" />
        </EventConnections>
        <DataConnections>
          <Connection Source="SLIDE_SENSE.RD_1" Destination="CTL.HOME" dx1="238.88889" />
          <Connection Source="SLIDE_SENSE.RD_2" Destination="CTL.END" dx1="200.0" />
          <Connection Source="DRILL_SENSE.RD_2" Destination="CTL.DEND" dx1="277.77777" />
          <Connection Source="CTL.FWD" Destination="SLIDE_ACT.SD_1" dx1="138.88889" />
          <Connection Source="CTL.REV" Destination="SLIDE_ACT.SD_2" dx1="166.66666" />
          <Connection Source="CTL.CLAMP" Destination="SLIDE_ACT.SD_3" dx1="183.33333" />
          <Connection Source="SLIDE_SENSE.RD_3" Destination="CTL.PRESENT" dx1="27.777777" />
          <Connection Source="SLIDE_SENSE.RD_5" Destination="CTL.CLAMPED" dx1="205.55554" />
        </DataConnections>
      </FBNetwork>
    </Resource>
    <Resource Name="DRILL" Type="EMB_RES" x="1905.5555" y="166.66666" >
      <FBNetwork >
        <FB Name="DRILL_SENSE" Type="SUBL_3" x="577.7778" y="11.111111" />
        <FB Name="SLIDE_SENSE" Type="SUBL_5" x="1155.5555" y="11.111111" />
        <FB Name="CTL" Type="MACH_CTL" x="1783.3333" y="1038.8888" />
        <FB Name="DRILL_ACT" Type="PUBL_3" x="2377.7776" y="816.6666" />
        <EventConnections>
          <Connection Source="START.COLD" Destination="DRILL_SENSE.INIT" dx1="38.888885" />
          <Connection Source="DRILL_SENSE.INITO" Destination="SLIDE_SENSE.INIT" dx1="205.55554" dx2="29.4118" dy="-188.2353" />
          <Connection Source="SLIDE_SENSE.INITO" Destination="DRILL_ACT.INIT" dx1="755.55554" />
          <Connection Source="SLIDE_SENSE.IND" Destination="CTL.W_SENSE" dx1="177.77777" />
          <Connection Source="DRILL_SENSE.IND" Destination="CTL.M_SENSE" dx1="211.1111" />
          <Connection Source="CTL.ACT" Destination="DRILL_ACT.REQ" dx1="61.111107" />
        </EventConnections>
        <DataConnections>
          <Connection Source="SLIDE_SENSE.RD_2" Destination="CTL.WEND" dx1="116.666664" />
          <Connection Source="DRILL_SENSE.RD_2" Destination="CTL.END" dx1="105.55555" />
          <Connection Source="DRILL_SENSE.RD_3" Destination="CTL.SPIN" dx1="55.555553" />
          <Connection Source="CTL.FWD" Destination="DRILL_ACT.SD_1" dx1="27.777777" />
          <Connection Source="CTL.REV" Destination="DRILL_ACT.SD_2" dx1="33.333332" />
          <Connection Source="CTL.SP_ON" Destination="DRILL_ACT.SD_3" dx1="27.777777" />
          <Connection Source="SLIDE_SENSE.RD_5" Destination="CTL.CLAMPED" dx1="27.777777" />
          <Connection Source="DRILL_SENSE.RD_1" Destination="CTL.HOME" dx1="161.1111" />
        </DataConnections>
      </FBNetwork>
    </Resource>
    <Resource Name="UNLOAD" Type="EMB_RES" x="1927.7777" y="1327.7777" >
      <FBNetwork >
        <FB Name="SLIDE_SENSE" Type="SUBL_5" x="1283.3333" y="11.111111" />
        <FB Name="TAKEOFF_SENSE" Type="SUBL_3" x="700.0" y="11.111111" />
        <FB Name="UNLOAD" Type="LOAD_CTL" x="1783.3333" y="1088.8888" />
        <FB Name="UNLOAD_ACT" Type="PUBL_1" x="2361.111" y="11.111111" />
        <FB Name="UNCLAMPED" Type="E_R_TRIG" x="1805.5555" y="455.55554" />
        <EventConnections>
          <Connection Source="START.COLD" Destination="TAKEOFF_SENSE.INIT" dx1="27.777777" />
          <Connection Source="TAKEOFF_SENSE.INITO" Destination="SLIDE_SENSE.INIT" dx1="27.777777" />
          <Connection Source="SLIDE_SENSE.INITO" Destination="UNLOAD_ACT.INIT" dx1="100.0" />
          <Connection Source="TAKEOFF_SENSE.IND" Destination="UNLOAD.REQ" dx1="105.55555" />
          <Connection Source="UNLOAD.IND" Destination="UNLOAD_ACT.REQ" dx1="27.777777" />
          <Connection Source="SLIDE_SENSE.IND" Destination="UNCLAMPED.EI" dx1="133.33333" />
          <Connection Source="UNCLAMPED.EO" Destination="UNLOAD.REQ" dx1="27.777777" dx2="33.333332" dy="438.8889" />
        </EventConnections>
        <DataConnections>
          <Connection Source="TAKEOFF_SENSE.RD_1" Destination="UNLOAD.DST_RDY" dx1="77.77777" />
          <Connection Source="TAKEOFF_SENSE.RD_3" Destination="UNLOAD.DST_PRESENT" dx1="27.777777" />
          <Connection Source="SLIDE_SENSE.RD_1" Destination="UNLOAD.SRC_RDY" dx1="72.22222" />
          <Connection Source="UNLOAD.FWD" Destination="UNLOAD_ACT.SD_1" dx1="77.77777" />
          <Connection Source="SLIDE_SENSE.RD_3" Destination="UNLOAD.SRC_PRESENT" dx1="27.777777" />
          <Connection Source="SLIDE_SENSE.RD_4" Destination="UNCLAMPED.QI" dx1="116.666664" />
        </DataConnections>
      </FBNetwork>
    </Resource>
    <Resource Name="TAKEOFF" Type="EMB_RES" x="155.55554" y="1450.0" >
      <FBNetwork >
        <FB Name="TAKEOFF_SENSE" Type="SUBL_3" x="652.9412" y="11.7647" />
        <FB Name="CTL" Type="XBAR_CTL" x="1100.0" y="235.2941" />
        <FB Name="TAKEOFF_ACT" Type="PUBL_2" x="1570.5883" y="11.7647" />
        <EventConnections>
          <Connection Source="START.COLD" Destination="TAKEOFF_SENSE.INIT" dx1="29.4118" />
          <Connection Source="TAKEOFF_SENSE.INITO" Destination="TAKEOFF_ACT.INIT" dx1="100.0" />
          <Connection Source="TAKEOFF_SENSE.IND" Destination="CTL.REQ" dx1="29.4118" />
          <Connection Source="CTL.CNF" Destination="TAKEOFF_ACT.REQ" dx1="52.9412" />
        </EventConnections>
        <DataConnections>
          <Connection Source="TAKEOFF_SENSE.RD_1" Destination="CTL.HOME" dx1="29.4118" />
          <Connection Source="TAKEOFF_SENSE.RD_2" Destination="CTL.END" dx1="29.4118" />
          <Connection Source="TAKEOFF_SENSE.RD_3" Destination="CTL.PRESENT" dx1="35.2941" />
          <Connection Source="CTL.FWD" Destination="TAKEOFF_ACT.SD_1" dx1="82.3529" />
          <Connection Source="CTL.REV" Destination="TAKEOFF_ACT.SD_2" dx1="64.7059" />
        </DataConnections>
      </FBNetwork>
    </Resource>
  </Device>
</System>
