<?xml version="1.0" encoding="UTF-8"?>
<!DOCTYPE FBType SYSTEM "../LibraryElement.dtd" >
<FBType Name="FB_CONCAT" Comment="Concatenation of WSTRING inputs" >
  <Identification Standard="61499-1" />
  <VersionInfo Organization="Rockwell Automation" Version="0.0" Author="JHC" Date="2001-04-12" Remarks="First XML version." />
  <CompilerInfo header="package fb.rt.diag;" >
    <Compiler Language="Java" Vendor="IBM" Product="VisualAge" Version="3.0" />
  </CompilerInfo>
  <InterfaceList>
    <EventInputs>
      <Event Name="REQ" >
        <With Var="IN1" />
        <With Var="IN2" />
      </Event>
    </EventInputs>
    <EventOutputs>
      <Event Name="CNF" >
        <With Var="OUT" />
      </Event>
    </EventOutputs>
    <InputVars>
      <VarDeclaration Name="IN1" Type="WSTRING" />
      <VarDeclaration Name="IN2" Type="WSTRING" />
    </InputVars>
    <OutputVars>
      <VarDeclaration Name="OUT" Type="WSTRING" />
    </OutputVars>
  </InterfaceList>
  <BasicFB>
  <Algorithm Name="REQ" >
    <Other Language="JAVA" Text="public void service_REQ(boolean qi){&#10;OUT.value=IN1.value+IN2.value;&#10;CNF.serviceEvent(this);}&#10;" />
  </Algorithm>
  </BasicFB>
</FBType>
