<?xml version="1.0" encoding="UTF-8"?>
<!DOCTYPE FBType SYSTEM "../LibraryElement.dtd" >
<FBType Name="FB_UINT_REAL" Comment="UINT to REAL conversion" >
  <Identification Standard="61499-1-D.2" />
  <VersionInfo Organization="Rockwell Automation" Version="0.1" Author="JHC" Date="2001-04-24" Remarks="XML version" />
  <VersionInfo Organization="Rockwell Automation" Version="0.0" Author="JHC" Date="1991-01-11" Remarks="SRC version" />
  <CompilerInfo header="package fb.rt.math;" >
    <Compiler Language="Java" Vendor="IBM" Product="VisualAge" Version="3.0" />
  </CompilerInfo>
  <InterfaceList>
    <EventInputs>
      <Event Name="REQ" >
        <With Var="IN" />
      </Event>
    </EventInputs>
    <EventOutputs>
      <Event Name="CNF" >
        <With Var="OUT" />
      </Event>
    </EventOutputs>
    <InputVars>
      <VarDeclaration Name="IN" Type="UINT" />
    </InputVars>
    <OutputVars>
      <VarDeclaration Name="OUT" Type="REAL" />
    </OutputVars>
  </InterfaceList>
</FBType>
