<?xml version="1.0" encoding="UTF-8"?>
<!DOCTYPE FBType SYSTEM "http://www.holobloc.com/xml/LibraryElement.dtd" >
<FBType Name="VALVE_VIEW" Comment="Valve Position Display" >
  <Identification Standard="61499-1" />
  <VersionInfo Organization="Rockwell Automation" Version="0.1" Author="JHC" Date="2004-09-01" Remarks="Deleted QI,QO; initialized DIA:=0.." />
  <VersionInfo Organization="Rockwell Automation" Version="0.0" Author="JHC" Date="2000-05-01" />
  <CompilerInfo header="package fb.rt.process; " >
    <Compiler Language="Java" Vendor="IBM" Product="VisualAge" Version="3.0" />
  </CompilerInfo>
  <InterfaceList>
    <EventInputs>
      <Event Name="INIT" Comment="Initialization" >
        <With Var="DIA" />
        <With Var="FGD" />
        <With Var="BKGD" />
        <With Var="POS" />
      </Event>
      <Event Name="REQ" Comment="Request" >
        <With Var="POS" />
      </Event>
    </EventInputs>
    <EventOutputs>
      <Event Name="INITO" Comment="Initialization Confirm" >
      </Event>
      <Event Name="CNF" Comment="Service Confirmation" >
      </Event>
    </EventOutputs>
    <InputVars>
      <VarDeclaration Name="DIA" Type="UINT" Comment="Shaft diameter in pixels" />
      <VarDeclaration Name="FGD" Type="COLOR" InitialValue="COLOR#blue" Comment="Shaft body color" />
      <VarDeclaration Name="BKGD" Type="COLOR" InitialValue="COLOR#white" Comment="Background color" />
      <VarDeclaration Name="POS" Type="UINT" Comment="Current valve position" />
    </InputVars>
  </InterfaceList>
</FBType>
